Class,Outcome group,ResNet50 top1,DINOv2-S top1,ResNet50 top1 correct,DINOv2-S top1 correct,ResNet50 margin,DINOv2-S margin,ResNet50 top3,DINOv2-S top3,Image path
Leather_01,both_correct,Leather_01,Leather_01,True,True,0.109309,0.089999,Leather_01|Leather_161|Leather_14,Leather_01|Leather_02|Leather_200,my_dataset_test_filtered\Leather_01\1750406379284.jpg
Leather_02,both_correct,Leather_02,Leather_02,True,True,0.165996,0.063195,Leather_02|Leather_173|Leather_200,Leather_02|Leather_01|Leather_26,my_dataset_test_filtered\Leather_02\1750406835550.jpg
Leather_03,both_correct,Leather_03,Leather_03,True,True,0.176258,0.015034,Leather_03|Leather_161|Leather_26,Leather_03|Leather_165|Leather_173,my_dataset_test_filtered\Leather_03\1750406941972.jpg
Leather_04,resnet_only_correct,Leather_04,Leather_189,True,False,0.071088,0.003946,Leather_04|Leather_189|Leather_159,Leather_189|Leather_04|Leather_188,my_dataset_test_filtered\Leather_04\1750407130699.jpg
Leather_05,resnet_only_correct,Leather_05,Leather_08,True,False,0.109365,0.033018,Leather_05|Leather_11|Leather_12,Leather_08|Leather_05|Leather_159,my_dataset_test_filtered\Leather_05\1750407204184.jpg
Leather_06,both_correct,Leather_06,Leather_06,True,True,0.079557,0.088786,Leather_06|Leather_167|Leather_152,Leather_06|Leather_170|Leather_175,my_dataset_test_filtered\Leather_06\1750407348067.jpg
Leather_07,both_correct,Leather_07,Leather_07,True,True,0.128317,0.046641,Leather_07|Leather_14|Leather_02,Leather_07|Leather_164|Leather_166,my_dataset_test_filtered\Leather_07\1750407528243.jpg
Leather_08,both_correct,Leather_08,Leather_08,True,True,0.135766,0.162685,Leather_08|Leather_175|Leather_189,Leather_08|Leather_188|Leather_167,my_dataset_test_filtered\Leather_08\1750407629336.jpg
Leather_09,both_correct,Leather_09,Leather_09,True,True,0.237123,0.180766,Leather_09|Leather_27|Leather_148,Leather_09|Leather_19|Leather_172,my_dataset_test_filtered\Leather_09\1750407738276.jpg
Leather_10,both_correct,Leather_10,Leather_10,True,True,0.231005,0.072309,Leather_10|Leather_16|Leather_153,Leather_10|Leather_16|Leather_175,my_dataset_test_filtered\Leather_10\1750408020242.jpg
Leather_100,both_correct,Leather_100,Leather_100,True,True,0.310776,0.353361,Leather_100|Leather_109|Leather_42,Leather_100|Leather_106|Leather_64,my_dataset_test_filtered\Leather_100\1750488394024.jpg
Leather_101,both_correct,Leather_101,Leather_101,True,True,0.208208,0.221976,Leather_101|Leather_89|Leather_91,Leather_101|Leather_89|Leather_103,my_dataset_test_filtered\Leather_101\1750488471484.jpg
Leather_102,both_correct,Leather_102,Leather_102,True,True,0.203100,0.129452,Leather_102|Leather_106|Leather_88,Leather_102|Leather_103|Leather_114,my_dataset_test_filtered\Leather_102\1750488520146.jpg
Leather_103,both_correct,Leather_103,Leather_103,True,True,0.246621,0.245893,Leather_103|Leather_102|Leather_111,Leather_103|Leather_102|Leather_88,my_dataset_test_filtered\Leather_103\1750488677028.jpg
Leather_104,both_correct,Leather_104,Leather_104,True,True,0.144029,0.140786,Leather_104|Leather_105|Leather_117,Leather_104|Leather_105|Leather_117,my_dataset_test_filtered\Leather_104\1750488725312.jpg
Leather_105,both_correct,Leather_105,Leather_105,True,True,0.039873,0.118091,Leather_105|Leather_104|Leather_82,Leather_105|Leather_104|Leather_117,my_dataset_test_filtered\Leather_105\1750488787557.jpg
Leather_106,both_correct,Leather_106,Leather_106,True,True,0.186850,0.162425,Leather_106|Leather_88|Leather_30,Leather_106|Leather_30|Leather_64,my_dataset_test_filtered\Leather_106\1750488902223.jpg
Leather_107,both_correct,Leather_107,Leather_107,True,True,0.044042,0.240661,Leather_107|Leather_78|Leather_68,Leather_107|Leather_121|Leather_93,my_dataset_test_filtered\Leather_107\1750488972633.jpg
Leather_108,resnet_only_correct,Leather_108,Leather_89,True,False,0.105660,0.028438,Leather_108|Leather_106|Leather_107,Leather_89|Leather_177|Leather_32,my_dataset_test_filtered\Leather_108\1750489023876.jpg
Leather_109,both_correct,Leather_109,Leather_109,True,True,0.210319,0.138058,Leather_109|Leather_95|Leather_111,Leather_109|Leather_111|Leather_150,my_dataset_test_filtered\Leather_109\1750489124023.jpg
Leather_11,both_correct,Leather_11,Leather_11,True,True,0.079190,0.008605,Leather_11|Leather_164|Leather_152,Leather_11|Leather_12|Leather_08,my_dataset_test_filtered\Leather_11\1750408197526.jpg
Leather_110,both_correct,Leather_110,Leather_110,True,True,0.371081,0.204632,Leather_110|Leather_111|Leather_96,Leather_110|Leather_87|Leather_113,my_dataset_test_filtered\Leather_110\1750489176801.jpg
Leather_111,both_correct,Leather_111,Leather_111,True,True,0.118823,0.202211,Leather_111|Leather_109|Leather_96,Leather_111|Leather_109|Leather_105,my_dataset_test_filtered\Leather_111\1750489227871.jpg
Leather_112,both_correct,Leather_112,Leather_112,True,True,0.106416,0.084177,Leather_112|Leather_113|Leather_115,Leather_112|Leather_113|Leather_114,my_dataset_test_filtered\Leather_112\1750489281422.jpg
Leather_113,both_correct,Leather_113,Leather_113,True,True,0.007770,0.097509,Leather_113|Leather_112|Leather_115,Leather_113|Leather_112|Leather_114,my_dataset_test_filtered\Leather_113\1750489326154.jpg
Leather_114,both_correct,Leather_114,Leather_114,True,True,0.072504,0.096744,Leather_114|Leather_112|Leather_113,Leather_114|Leather_112|Leather_113,my_dataset_test_filtered\Leather_114\1750489373490.jpg
Leather_115,both_correct,Leather_115,Leather_115,True,True,0.148999,0.107685,Leather_115|Leather_112|Leather_114,Leather_115|Leather_112|Leather_113,my_dataset_test_filtered\Leather_115\1750489423499.jpg
Leather_116,both_correct,Leather_116,Leather_116,True,True,0.196560,0.061295,Leather_116|Leather_93|Leather_102,Leather_116|Leather_93|Leather_190,my_dataset_test_filtered\Leather_116\1750489535803.jpg
Leather_117,both_correct,Leather_117,Leather_117,True,True,0.123049,0.149822,Leather_117|Leather_146|Leather_104,Leather_117|Leather_82|Leather_105,my_dataset_test_filtered\Leather_117\1750489573511.jpg
Leather_118,both_correct,Leather_118,Leather_118,True,True,0.114306,0.059810,Leather_118|Leather_68|Leather_81,Leather_118|Leather_68|Leather_78,my_dataset_test_filtered\Leather_118\1750489685912.jpg
Leather_119,both_correct,Leather_119,Leather_119,True,True,0.169663,0.071277,Leather_119|Leather_185|Leather_193,Leather_119|Leather_124|Leather_159,my_dataset_test_filtered\Leather_119\1750489770436.jpg
Leather_12,both_correct,Leather_12,Leather_12,True,True,0.141467,0.081267,Leather_12|Leather_154|Leather_05,Leather_12|Leather_154|Leather_160,my_dataset_test_filtered\Leather_12\1750408284854.jpg
Leather_120,both_correct,Leather_120,Leather_120,True,True,0.121957,0.002750,Leather_120|Leather_78|Leather_147,Leather_120|Leather_78|Leather_75,my_dataset_test_filtered\Leather_120\1750489841717.jpg
Leather_121,both_correct,Leather_121,Leather_121,True,True,0.164693,0.190075,Leather_121|Leather_118|Leather_117,Leather_121|Leather_117|Leather_75,my_dataset_test_filtered\Leather_121\1750489889943.jpg
Leather_122,both_correct,Leather_122,Leather_122,True,True,0.078327,0.078369,Leather_122|Leather_67|Leather_144,Leather_122|Leather_67|Leather_148,my_dataset_test_filtered\Leather_122\1750489935897.jpg
Leather_123,both_correct,Leather_123,Leather_123,True,True,0.160151,0.096057,Leather_123|Leather_76|Leather_67,Leather_123|Leather_69|Leather_148,my_dataset_test_filtered\Leather_123\1750489979959.jpg
Leather_124,both_correct,Leather_124,Leather_124,True,True,0.068287,0.131480,Leather_124|Leather_84|Leather_73,Leather_124|Leather_193|Leather_123,my_dataset_test_filtered\Leather_124\1750490024511.jpg
Leather_125,both_correct,Leather_125,Leather_125,True,True,0.265112,0.178342,Leather_125|Leather_129|Leather_126,Leather_125|Leather_128|Leather_134,my_dataset_test_filtered\Leather_125\1750490073084.jpg
Leather_126,both_correct,Leather_126,Leather_126,True,True,0.194246,0.012284,Leather_126|Leather_137|Leather_129,Leather_126|Leather_137|Leather_133,my_dataset_test_filtered\Leather_126\1750490108402.jpg
Leather_127,both_correct,Leather_127,Leather_127,True,True,0.444096,0.292765,Leather_127|Leather_133|Leather_136,Leather_127|Leather_133|Leather_137,my_dataset_test_filtered\Leather_127\1750490173529.jpg
Leather_128,both_correct,Leather_128,Leather_128,True,True,0.188563,0.208508,Leather_128|Leather_133|Leather_137,Leather_128|Leather_125|Leather_138,my_dataset_test_filtered\Leather_128\1750490238549.jpg
Leather_129,both_correct,Leather_129,Leather_129,True,True,0.198210,0.265169,Leather_129|Leather_126|Leather_137,Leather_129|Leather_132|Leather_137,my_dataset_test_filtered\Leather_129\1750490315532.jpg
Leather_13,both_correct,Leather_13,Leather_13,True,True,0.095565,0.048383,Leather_13|Leather_194|Leather_173,Leather_13|Leather_165|Leather_173,my_dataset_test_filtered\Leather_13\1750408366776.jpg
Leather_130,both_correct,Leather_130,Leather_130,True,True,0.182703,0.212716,Leather_130|Leather_137|Leather_128,Leather_130|Leather_137|Leather_126,my_dataset_test_filtered\Leather_130\1750490367912.jpg
Leather_131,both_correct,Leather_131,Leather_131,True,True,0.382596,0.366479,Leather_131|Leather_133|Leather_138,Leather_131|Leather_137|Leather_34,my_dataset_test_filtered\Leather_131\1750490579280.jpg
Leather_132,both_correct,Leather_132,Leather_132,True,True,0.352362,0.314287,Leather_132|Leather_111|Leather_35,Leather_132|Leather_138|Leather_129,my_dataset_test_filtered\Leather_132\1750490644319.jpg
Leather_133,both_correct,Leather_133,Leather_133,True,True,0.228620,0.201650,Leather_133|Leather_21|Leather_128,Leather_133|Leather_141|Leather_137,my_dataset_test_filtered\Leather_133\1750490775257.jpg
Leather_134,both_correct,Leather_134,Leather_134,True,True,0.368723,0.323830,Leather_134|Leather_133|Leather_137,Leather_134|Leather_135|Leather_38,my_dataset_test_filtered\Leather_134\1750490827975.jpg
Leather_135,both_correct,Leather_135,Leather_135,True,True,0.562179,0.340780,Leather_135|Leather_127|Leather_125,Leather_135|Leather_134|Leather_127,my_dataset_test_filtered\Leather_135\1750490955532.jpg
Leather_136,both_correct,Leather_136,Leather_136,True,True,0.238934,0.267819,Leather_136|Leather_133|Leather_40,Leather_136|Leather_94|Leather_21,my_dataset_test_filtered\Leather_136\1750491016516.jpg
Leather_137,both_correct,Leather_137,Leather_137,True,True,0.227841,0.149417,Leather_137|Leather_133|Leather_126,Leather_137|Leather_133|Leather_126,my_dataset_test_filtered\Leather_137\1750491063276.jpg
Leather_138,both_correct,Leather_138,Leather_138,True,True,0.326821,0.221291,Leather_138|Leather_35|Leather_120,Leather_138|Leather_65|Leather_137,my_dataset_test_filtered\Leather_138\1750491113039.jpg
Leather_139,both_correct,Leather_139,Leather_139,True,True,0.263267,0.271988,Leather_139|Leather_142|Leather_85,Leather_139|Leather_37|Leather_55,my_dataset_test_filtered\Leather_139\1750491172226.jpg
Leather_14,both_correct,Leather_14,Leather_14,True,True,0.152120,0.058251,Leather_14|Leather_25|Leather_07,Leather_14|Leather_192|Leather_160,my_dataset_test_filtered\Leather_14\1750408447980.jpg
Leather_141,both_correct,Leather_141,Leather_141,True,True,0.165316,0.231079,Leather_141|Leather_143|Leather_40,Leather_141|Leather_133|Leather_21,my_dataset_test_filtered\Leather_141\1750491343747.jpg
Leather_142,both_correct,Leather_142,Leather_142,True,True,0.307855,0.216781,Leather_142|Leather_139|Leather_106,Leather_142|Leather_85|Leather_140,my_dataset_test_filtered\Leather_142\1750491376753.jpg
Leather_143,both_correct,Leather_143,Leather_143,True,True,0.187352,0.337245,Leather_143|Leather_141|Leather_40,Leather_143|Leather_127|Leather_137,my_dataset_test_filtered\Leather_143\1750491416883.jpg
Leather_144,both_correct,Leather_144,Leather_144,True,True,0.100669,0.008383,Leather_144|Leather_80|Leather_78,Leather_144|Leather_84|Leather_78,my_dataset_test_filtered\Leather_144\1750491458976.jpg
Leather_145,both_correct,Leather_145,Leather_145,True,True,0.047281,0.062399,Leather_145|Leather_58|Leather_83,Leather_145|Leather_58|Leather_76,my_dataset_test_filtered\Leather_145\1750491505929.jpg
Leather_146,both_correct,Leather_146,Leather_146,True,True,0.081151,0.112713,Leather_146|Leather_118|Leather_81,Leather_146|Leather_81|Leather_118,my_dataset_test_filtered\Leather_146\1750491548136.jpg
Leather_147,both_correct,Leather_147,Leather_147,True,True,0.010391,0.097383,Leather_147|Leather_79|Leather_80,Leather_147|Leather_78|Leather_53,my_dataset_test_filtered\Leather_147\1750491588458.jpg
Leather_148,both_correct,Leather_148,Leather_148,True,True,0.084297,0.150136,Leather_148|Leather_67|Leather_27,Leather_148|Leather_69|Leather_67,my_dataset_test_filtered\Leather_148\1750491631763.jpg
Leather_149,both_correct,Leather_149,Leather_149,True,True,0.465007,0.327126,Leather_149|Leather_119|Leather_157,Leather_149|Leather_32|Leather_73,my_dataset_test_filtered\Leather_149\1750491671545.jpg
Leather_15,both_correct,Leather_15,Leather_15,True,True,0.191036,0.163096,Leather_15|Leather_28|Leather_188,Leather_15|Leather_28|Leather_07,my_dataset_test_filtered\Leather_15\1750408503377.jpg
Leather_150,both_correct,Leather_150,Leather_150,True,True,0.070533,0.107034,Leather_150|Leather_75|Leather_77,Leather_150|Leather_84|Leather_122,my_dataset_test_filtered\Leather_150\1750491705037.jpg
Leather_151,resnet_only_correct,Leather_151,Leather_155,True,False,0.063278,0.004954,Leather_151|Leather_188|Leather_183,Leather_155|Leather_151|Leather_170,my_dataset_test_filtered\Leather_151\1750643059336.jpg
Leather_152,both_correct,Leather_152,Leather_152,True,True,0.109806,0.107580,Leather_152|Leather_19|Leather_181,Leather_152|Leather_184|Leather_188,my_dataset_test_filtered\Leather_152\1750643150581.jpg
Leather_153,resnet_only_correct,Leather_153,Leather_164,True,False,0.076766,0.006304,Leather_153|Leather_183|Leather_05,Leather_164|Leather_160|Leather_153,my_dataset_test_filtered\Leather_153\1750643340909.jpg
Leather_154,both_correct,Leather_154,Leather_154,True,True,0.070670,0.026925,Leather_154|Leather_11|Leather_166,Leather_154|Leather_161|Leather_166,my_dataset_test_filtered\Leather_154\1750643441264.jpg
Leather_155,both_correct,Leather_155,Leather_155,True,True,0.314814,0.229028,Leather_155|Leather_151|Leather_185,Leather_155|Leather_151|Leather_170,my_dataset_test_filtered\Leather_155\1750643535877.jpg
Leather_156,both_correct,Leather_156,Leather_156,True,True,0.007626,0.056206,Leather_156|Leather_159|Leather_04,Leather_156|Leather_179|Leather_163,my_dataset_test_filtered\Leather_156\1750643658280.jpg
Leather_157,both_correct,Leather_157,Leather_157,True,True,0.191689,0.097095,Leather_157|Leather_16|Leather_174,Leather_157|Leather_16|Leather_05,my_dataset_test_filtered\Leather_157\1750648997886.jpg
Leather_158,both_correct,Leather_158,Leather_158,True,True,0.181328,0.045582,Leather_158|Leather_13|Leather_173,Leather_158|Leather_195|Leather_199,my_dataset_test_filtered\Leather_158\1750649068787.jpg
Leather_159,both_correct,Leather_159,Leather_159,True,True,0.052601,0.090715,Leather_159|Leather_04|Leather_175,Leather_159|Leather_27|Leather_175,my_dataset_test_filtered\Leather_159\1750649136357.jpg
Leather_16,both_correct,Leather_16,Leather_16,True,True,0.165605,0.024053,Leather_16|Leather_10|Leather_153,Leather_16|Leather_160|Leather_10,my_dataset_test_filtered\Leather_16\1750409233250.jpg
Leather_160,both_correct,Leather_160,Leather_160,True,True,0.054439,0.106241,Leather_160|Leather_161|Leather_24,Leather_160|Leather_154|Leather_16,my_dataset_test_filtered\Leather_160\1750650791768.jpg
Leather_161,both_correct,Leather_161,Leather_161,True,True,0.103204,0.011652,Leather_161|Leather_26|Leather_03,Leather_161|Leather_03|Leather_01,my_dataset_test_filtered\Leather_161\1750650924442.jpg
Leather_162,both_correct,Leather_162,Leather_162,True,True,0.132827,0.142076,Leather_162|Leather_192|Leather_18,Leather_162|Leather_168|Leather_17,my_dataset_test_filtered\Leather_162\1750651003357.jpg
Leather_163,both_correct,Leather_163,Leather_163,True,True,0.079861,0.006890,Leather_163|Leather_27|Leather_25,Leather_163|Leather_183|Leather_27,my_dataset_test_filtered\Leather_163\1750651063876.jpg
Leather_164,resnet_only_correct,Leather_164,Leather_161,True,False,0.028370,0.005829,Leather_164|Leather_11|Leather_28,Leather_161|Leather_19|Leather_192,my_dataset_test_filtered\Leather_164\1750651143283.jpg
Leather_165,both_correct,Leather_165,Leather_165,True,True,0.094588,0.031653,Leather_165|Leather_26|Leather_168,Leather_165|Leather_26|Leather_161,my_dataset_test_filtered\Leather_165\1750659409519.jpg
Leather_166,both_correct,Leather_166,Leather_166,True,True,0.129918,0.041017,Leather_166|Leather_11|Leather_164,Leather_166|Leather_164|Leather_161,my_dataset_test_filtered\Leather_166\1750659306788.jpg
Leather_167,both_correct,Leather_167,Leather_167,True,True,0.117187,0.123151,Leather_167|Leather_189|Leather_152,Leather_167|Leather_08|Leather_10,my_dataset_test_filtered\Leather_167\1750659478698.jpg
Leather_168,both_correct,Leather_168,Leather_168,True,True,0.117110,0.016551,Leather_168|Leather_165|Leather_26,Leather_168|Leather_162|Leather_18,my_dataset_test_filtered\Leather_168\1750659573573.jpg
Leather_169,both_correct,Leather_169,Leather_169,True,True,0.134533,0.053163,Leather_169|Leather_151|Leather_25,Leather_169|Leather_25|Leather_167,my_dataset_test_filtered\Leather_169\1750659659789.jpg
Leather_17,both_correct,Leather_17,Leather_17,True,True,0.124171,0.100463,Leather_17|Leather_181|Leather_152,Leather_17|Leather_189|Leather_184,my_dataset_test_filtered\Leather_17\1750409341603.jpg
Leather_170,both_correct,Leather_170,Leather_170,True,True,0.134803,0.039635,Leather_170|Leather_174|Leather_175,Leather_170|Leather_175|Leather_188,my_dataset_test_filtered\Leather_170\1750659728427.jpg
Leather_171,both_correct,Leather_171,Leather_171,True,True,0.352992,0.262071,Leather_171|Leather_172|Leather_09,Leather_171|Leather_172|Leather_106,my_dataset_test_filtered\Leather_171\1750659800858.jpg
Leather_172,both_correct,Leather_172,Leather_172,True,True,0.342504,0.193071,Leather_172|Leather_171|Leather_09,Leather_172|Leather_09|Leather_19,my_dataset_test_filtered\Leather_172\1750659872148.jpg
Leather_173,both_correct,Leather_173,Leather_173,True,True,0.082564,0.038009,Leather_173|Leather_200|Leather_02,Leather_173|Leather_13|Leather_03,my_dataset_test_filtered\Leather_173\1750659979993.jpg
Leather_174,both_correct,Leather_174,Leather_174,True,True,0.161523,0.147596,Leather_174|Leather_170|Leather_175,Leather_174|Leather_170|Leather_175,my_dataset_test_filtered\Leather_174\1750660728450.jpg
Leather_175,both_correct,Leather_175,Leather_175,True,True,0.070548,0.032141,Leather_175|Leather_08|Leather_189,Leather_175|Leather_170|Leather_10,my_dataset_test_filtered\Leather_175\1750660827906.jpg
Leather_176,both_correct,Leather_176,Leather_176,True,True,0.232475,0.134438,Leather_176|Leather_181|Leather_166,Leather_176|Leather_28|Leather_15,my_dataset_test_filtered\Leather_176\1750660944224.jpg
Leather_177,both_correct,Leather_177,Leather_177,True,True,0.086072,0.075108,Leather_177|Leather_175|Leather_189,Leather_177|Leather_189|Leather_184,my_dataset_test_filtered\Leather_177\1750661060161.jpg
Leather_178,both_correct,Leather_178,Leather_178,True,True,0.206693,0.294167,Leather_178|Leather_175|Leather_177,Leather_178|Leather_177|Leather_69,my_dataset_test_filtered\Leather_178\1750661159844.jpg
Leather_179,both_correct,Leather_179,Leather_179,True,True,0.061356,0.058512,Leather_179|Leather_84|Leather_81,Leather_179|Leather_27|Leather_183,my_dataset_test_filtered\Leather_179\1750661242878.jpg
Leather_18,both_correct,Leather_18,Leather_18,True,True,0.072535,0.035189,Leather_18|Leather_25|Leather_162,Leather_18|Leather_179|Leather_163,my_dataset_test_filtered\Leather_18\1750409468348.jpg
Leather_181,both_correct,Leather_181,Leather_181,True,True,0.083693,0.105275,Leather_181|Leather_17|Leather_152,Leather_181|Leather_170|Leather_184,my_dataset_test_filtered\Leather_181\1750661486082.jpg
Leather_182,dinov2_only_correct,Leather_18,Leather_182,False,True,0.005256,0.128785,Leather_18|Leather_182|Leather_25,Leather_182|Leather_18|Leather_179,my_dataset_test_filtered\Leather_182\1750662101172.jpg
Leather_183,both_correct,Leather_183,Leather_183,True,True,0.155474,0.020152,Leather_183|Leather_27|Leather_151,Leather_183|Leather_167|Leather_27,my_dataset_test_filtered\Leather_183\1750662415812.jpg
Leather_184,both_correct,Leather_184,Leather_184,True,True,0.076992,0.044131,Leather_184|Leather_189|Leather_175,Leather_184|Leather_189|Leather_188,my_dataset_test_filtered\Leather_184\1750662571409.jpg
Leather_185,both_correct,Leather_185,Leather_185,True,True,0.079234,0.115897,Leather_185|Leather_84|Leather_179,Leather_185|Leather_124|Leather_183,my_dataset_test_filtered\Leather_185\1750662660000.jpg
Leather_186,both_correct,Leather_186,Leather_186,True,True,0.069922,0.059918,Leather_186|Leather_152|Leather_28,Leather_186|Leather_152|Leather_28,my_dataset_test_filtered\Leather_186\1750662752578.jpg
Leather_187,both_correct,Leather_187,Leather_187,True,True,0.289736,0.218531,Leather_187|Leather_188|Leather_168,Leather_187|Leather_17|Leather_152,my_dataset_test_filtered\Leather_187\1750663815128.jpg
Leather_188,both_correct,Leather_188,Leather_188,True,True,0.135682,0.114845,Leather_188|Leather_152|Leather_151,Leather_188|Leather_152|Leather_175,my_dataset_test_filtered\Leather_188\1750663926595.jpg
Leather_189,both_correct,Leather_189,Leather_189,True,True,0.083464,0.068780,Leather_189|Leather_184|Leather_175,Leather_189|Leather_184|Leather_188,my_dataset_test_filtered\Leather_189\1750664130885.jpg
Leather_19,resnet_only_correct,Leather_19,Leather_167,True,False,0.048541,0.021885,Leather_19|Leather_186|Leather_28,Leather_167|Leather_19|Leather_152,my_dataset_test_filtered\Leather_19\1750409938648.jpg
Leather_190,both_correct,Leather_190,Leather_190,True,True,0.154561,0.227527,Leather_190|Leather_04|Leather_175,Leather_190|Leather_174|Leather_175,my_dataset_test_filtered\Leather_190\1750664331525.jpg
Leather_191,both_correct,Leather_191,Leather_191,True,True,0.497313,0.366830,Leather_191|Leather_178|Leather_170,Leather_191|Leather_178|Leather_10,my_dataset_test_filtered\Leather_191\1750664466727.jpg
Leather_192,both_correct,Leather_192,Leather_192,True,True,0.097502,0.068774,Leather_192|Leather_180|Leather_201,Leather_192|Leather_14|Leather_13,my_dataset_test_filtered\Leather_192\1750664610693.jpg
Leather_193,both_correct,Leather_193,Leather_193,True,True,0.188009,0.044696,Leather_193|Leather_27|Leather_156,Leather_193|Leather_27|Leather_159,my_dataset_test_filtered\Leather_193\1750664722422.jpg
Leather_194,both_correct,Leather_194,Leather_194,True,True,0.200101,0.130969,Leather_194|Leather_13|Leather_07,Leather_194|Leather_13|Leather_14,my_dataset_test_filtered\Leather_194\1750664834503.jpg
Leather_195,both_correct,Leather_195,Leather_195,True,True,0.191439,0.079235,Leather_195|Leather_201|Leather_118,Leather_195|Leather_199|Leather_201,my_dataset_test_filtered\Leather_195\1750664932917.jpg
Leather_196,both_correct,Leather_196,Leather_196,True,True,0.239772,0.193687,Leather_196|Leather_147|Leather_37,Leather_196|Leather_195|Leather_199,my_dataset_test_filtered\Leather_196\1750665019021.jpg
Leather_197,both_correct,Leather_197,Leather_197,True,True,0.464322,0.251996,Leather_197|Leather_196|Leather_61,Leather_197|Leather_05|Leather_193,my_dataset_test_filtered\Leather_197\1750665774705.jpg
Leather_198,both_correct,Leather_198,Leather_198,True,True,0.428555,0.234435,Leather_198|Leather_195|Leather_201,Leather_198|Leather_201|Leather_195,my_dataset_test_filtered\Leather_198\1750665866788.jpg
Leather_199,both_correct,Leather_199,Leather_199,True,True,0.162133,0.159118,Leather_199|Leather_05|Leather_160,Leather_199|Leather_195|Leather_13,my_dataset_test_filtered\Leather_199\1750665947796.jpg
Leather_20,both_correct,Leather_20,Leather_20,True,True,0.181000,0.169425,Leather_20|Leather_21|Leather_190,Leather_20|Leather_140|Leather_37,my_dataset_test_filtered\Leather_20\1750470677619.jpg
Leather_200,both_correct,Leather_200,Leather_200,True,True,0.090546,0.072084,Leather_200|Leather_173|Leather_02,Leather_200|Leather_173|Leather_161,my_dataset_test_filtered\Leather_200\1750666016867.jpg
Leather_201,both_correct,Leather_201,Leather_201,True,True,0.258663,0.161377,Leather_201|Leather_196|Leather_195,Leather_201|Leather_195|Leather_198,my_dataset_test_filtered\Leather_201\1750666106599.jpg
Leather_202,both_correct,Leather_202,Leather_202,True,True,0.290342,0.116664,Leather_202|Leather_25|Leather_18,Leather_202|Leather_18|Leather_169,my_dataset_test_filtered\Leather_202\1750661667157.jpg
Leather_203,both_correct,Leather_203,Leather_203,True,True,0.020440,0.050079,Leather_203|Leather_93|Leather_59,Leather_203|Leather_23|Leather_120,my_dataset_test_filtered\Leather_203\1750474770355.jpg
Leather_21,both_correct,Leather_21,Leather_21,True,True,0.149470,0.112089,Leather_21|Leather_30|Leather_133,Leather_21|Leather_20|Leather_140,my_dataset_test_filtered\Leather_21\1750470770553.jpg
Leather_22,both_correct,Leather_22,Leather_22,True,True,0.245373,0.174575,Leather_22|Leather_55|Leather_76,Leather_22|Leather_72|Leather_39,my_dataset_test_filtered\Leather_22\1750471270864.jpg
Leather_23,both_correct,Leather_23,Leather_23,True,True,0.479237,0.437173,Leather_23|Leather_37|Leather_20,Leather_23|Leather_203|Leather_121,my_dataset_test_filtered\Leather_23\1750471349579.jpg
Leather_24,both_correct,Leather_24,Leather_24,True,True,0.016893,0.073411,Leather_24|Leather_160|Leather_175,Leather_24|Leather_160|Leather_161,my_dataset_test_filtered\Leather_24\1750404868870.jpg
Leather_25,both_correct,Leather_25,Leather_25,True,True,0.011024,0.037039,Leather_25|Leather_18|Leather_162,Leather_25|Leather_162|Leather_18,my_dataset_test_filtered\Leather_25\1750405296218.jpg
Leather_26,dinov2_only_correct,Leather_165,Leather_26,False,True,0.017360,0.040046,Leather_165|Leather_26|Leather_168,Leather_26|Leather_165|Leather_168,my_dataset_test_filtered\Leather_26\1750405534348.jpg
Leather_27,both_correct,Leather_27,Leather_27,True,True,0.118411,0.056401,Leather_27|Leather_151|Leather_183,Leather_27|Leather_179|Leather_167,my_dataset_test_filtered\Leather_27\1750409685638.jpg
Leather_28,both_correct,Leather_28,Leather_28,True,True,0.069330,0.076831,Leather_28|Leather_186|Leather_152,Leather_28|Leather_186|Leather_152,my_dataset_test_filtered\Leather_28\1750409789490.jpg
Leather_29,both_correct,Leather_29,Leather_29,True,True,0.230895,0.301314,Leather_29|Leather_34|Leather_140,Leather_29|Leather_33|Leather_128,my_dataset_test_filtered\Leather_29\1750471438228.jpg
Leather_30,both_correct,Leather_30,Leather_30,True,True,0.096193,0.186935,Leather_30|Leather_32|Leather_31,Leather_30|Leather_31|Leather_32,my_dataset_test_filtered\Leather_30\1750471530238.jpg
Leather_31,both_correct,Leather_31,Leather_31,True,True,0.080294,0.115398,Leather_31|Leather_32|Leather_56,Leather_31|Leather_30|Leather_32,my_dataset_test_filtered\Leather_31\1750471605030.jpg
Leather_32,both_correct,Leather_32,Leather_32,True,True,0.131483,0.145986,Leather_32|Leather_30|Leather_145,Leather_32|Leather_31|Leather_30,my_dataset_test_filtered\Leather_32\1750471682491.jpg
Leather_33,both_wrong,Leather_102,Leather_34,False,False,0.035341,0.113230,Leather_102|Leather_34|Leather_140,Leather_34|Leather_30|Leather_33,my_dataset_test_filtered\Leather_33\1750471764013.jpg
Leather_34,both_correct,Leather_34,Leather_34,True,True,0.170911,0.357159,Leather_34|Leather_29|Leather_140,Leather_34|Leather_141|Leather_21,my_dataset_test_filtered\Leather_34\1750471821479.jpg
Leather_35,both_correct,Leather_35,Leather_35,True,True,0.355332,0.363722,Leather_35|Leather_55|Leather_53,Leather_35|Leather_149|Leather_74,my_dataset_test_filtered\Leather_35\1750472237638.png
Leather_36,both_correct,Leather_36,Leather_36,True,True,0.386001,0.365958,Leather_36|Leather_40|Leather_21,Leather_36|Leather_136|Leather_94,my_dataset_test_filtered\Leather_36\1750472577788.jpg
Leather_37,both_correct,Leather_37,Leather_37,True,True,0.143676,0.188952,Leather_37|Leather_53|Leather_147,Leather_37|Leather_55|Leather_43,my_dataset_test_filtered\Leather_37\1750472664705.png
Leather_38,both_correct,Leather_38,Leather_38,True,True,0.139014,0.098151,Leather_38|Leather_40|Leather_41,Leather_38|Leather_40|Leather_21,my_dataset_test_filtered\Leather_38\1750473300546.jpg
Leather_39,both_correct,Leather_39,Leather_39,True,True,0.331755,0.119637,Leather_39|Leather_22|Leather_55,Leather_39|Leather_22|Leather_58,my_dataset_test_filtered\Leather_39\1750473140715.jpg
Leather_40,both_correct,Leather_40,Leather_40,True,True,0.207262,0.117803,Leather_40|Leather_38|Leather_36,Leather_40|Leather_38|Leather_97,my_dataset_test_filtered\Leather_40\1750473354598.jpg
Leather_41,both_correct,Leather_41,Leather_41,True,True,0.214361,0.257943,Leather_41|Leather_38|Leather_40,Leather_41|Leather_38|Leather_141,my_dataset_test_filtered\Leather_41\1750473418205.jpg
Leather_42,both_correct,Leather_42,Leather_42,True,True,0.402135,0.270207,Leather_42|Leather_109|Leather_95,Leather_42|Leather_97|Leather_139,my_dataset_test_filtered\Leather_42\1750473495687.jpg
Leather_43,both_correct,Leather_43,Leather_43,True,True,0.364402,0.165681,Leather_43|Leather_45|Leather_59,Leather_43|Leather_37|Leather_71,my_dataset_test_filtered\Leather_43\1750473554134.jpg
Leather_44,both_correct,Leather_44,Leather_44,True,True,0.418324,0.262900,Leather_44|Leather_114|Leather_125,Leather_44|Leather_65|Leather_66,my_dataset_test_filtered\Leather_44\1750473677835.jpg
Leather_45,both_correct,Leather_45,Leather_45,True,True,0.235263,0.302657,Leather_45|Leather_118|Leather_79,Leather_45|Leather_79|Leather_178,my_dataset_test_filtered\Leather_45\1750473722987.jpg
Leather_46,both_correct,Leather_46,Leather_46,True,True,0.148766,0.140636,Leather_46|Leather_59|Leather_37,Leather_46|Leather_32|Leather_77,my_dataset_test_filtered\Leather_46\1750473772180.jpg
Leather_47,both_correct,Leather_47,Leather_47,True,True,0.277508,0.127064,Leather_47|Leather_40|Leather_139,Leather_47|Leather_120|Leather_43,my_dataset_test_filtered\Leather_47\1750473860065.jpg
Leather_48,dinov2_only_correct,Leather_29,Leather_48,False,True,0.047959,0.061054,Leather_29|Leather_48|Leather_143,Leather_48|Leather_37|Leather_34,my_dataset_test_filtered\Leather_48\1750473923200.jpg
Leather_49,both_correct,Leather_49,Leather_49,True,True,0.133073,0.075013,Leather_49|Leather_93|Leather_147,Leather_49|Leather_87|Leather_110,my_dataset_test_filtered\Leather_49\1750474047268.jpg
Leather_50,resnet_only_correct,Leather_50,Leather_141,True,False,0.103653,0.061536,Leather_50|Leather_143|Leather_40,Leather_141|Leather_133|Leather_34,my_dataset_test_filtered\Leather_50\1750474161918.jpg
Leather_51,both_correct,Leather_51,Leather_51,True,True,0.447126,0.358287,Leather_51|Leather_57|Leather_86,Leather_51|Leather_86|Leather_71,my_dataset_test_filtered\Leather_51\1750474255738.jpg
Leather_52,both_correct,Leather_52,Leather_52,True,True,0.204350,0.184181,Leather_52|Leather_48|Leather_34,Leather_52|Leather_140|Leather_21,my_dataset_test_filtered\Leather_52\1750474303814.jpg
Leather_53,both_correct,Leather_53,Leather_53,True,True,0.242828,0.111664,Leather_53|Leather_195|Leather_76,Leather_53|Leather_78|Leather_84,my_dataset_test_filtered\Leather_53\1750474407644.jpg
Leather_54,both_correct,Leather_54,Leather_54,True,True,0.072113,0.037230,Leather_54|Leather_49|Leather_40,Leather_54|Leather_142|Leather_120,my_dataset_test_filtered\Leather_54\1750474620078.jpg
Leather_55,resnet_only_correct,Leather_55,Leather_85,True,False,0.097031,0.002108,Leather_55|Leather_85|Leather_120,Leather_85|Leather_55|Leather_37,my_dataset_test_filtered\Leather_55\1750474881487.jpg
Leather_56,both_correct,Leather_56,Leather_56,True,True,0.091277,0.143451,Leather_56|Leather_31|Leather_32,Leather_56|Leather_58|Leather_123,my_dataset_test_filtered\Leather_56\1750475017234.jpg
Leather_57,both_correct,Leather_57,Leather_57,True,True,0.320996,0.153073,Leather_57|Leather_195|Leather_81,Leather_57|Leather_84|Leather_118,my_dataset_test_filtered\Leather_57\1750475119001.jpg
Leather_58,both_correct,Leather_58,Leather_58,True,True,0.063745,0.028298,Leather_58|Leather_145|Leather_83,Leather_58|Leather_56|Leather_31,my_dataset_test_filtered\Leather_58\1750475225344.jpg
Leather_59,both_correct,Leather_59,Leather_59,True,True,0.163787,0.180376,Leather_59|Leather_53|Leather_37,Leather_59|Leather_43|Leather_142,my_dataset_test_filtered\Leather_59\1750483475336.jpg
Leather_60,both_correct,Leather_60,Leather_60,True,True,0.250255,0.165775,Leather_60|Leather_76|Leather_190,Leather_60|Leather_76|Leather_58,my_dataset_test_filtered\Leather_60\1750483929819.jpg
Leather_61,both_correct,Leather_61,Leather_61,True,True,0.145027,0.098433,Leather_61|Leather_118|Leather_78,Leather_61|Leather_78|Leather_84,my_dataset_test_filtered\Leather_61\1750484033251.jpg
Leather_62,both_correct,Leather_62,Leather_62,True,True,0.337049,0.470419,Leather_62|Leather_59|Leather_76,Leather_62|Leather_45|Leather_48,my_dataset_test_filtered\Leather_62\1750484107750.jpg
Leather_63,both_correct,Leather_63,Leather_63,True,True,0.495663,0.438573,Leather_63|Leather_52|Leather_62,Leather_63|Leather_47|Leather_120,my_dataset_test_filtered\Leather_63\1750484158981.jpg
Leather_64,both_correct,Leather_64,Leather_64,True,True,0.067962,0.204383,Leather_64|Leather_98|Leather_99,Leather_64|Leather_106|Leather_88,my_dataset_test_filtered\Leather_64\1750485077151.jpg
Leather_65,both_correct,Leather_65,Leather_65,True,True,0.224318,0.071095,Leather_65|Leather_66|Leather_31,Leather_65|Leather_66|Leather_72,my_dataset_test_filtered\Leather_65\1750485463475.jpg
Leather_66,both_correct,Leather_66,Leather_66,True,True,0.160463,0.056983,Leather_66|Leather_65|Leather_31,Leather_66|Leather_65|Leather_72,my_dataset_test_filtered\Leather_66\1750485521883.jpg
Leather_67,both_correct,Leather_67,Leather_67,True,True,0.094721,0.066177,Leather_67|Leather_68|Leather_81,Leather_67|Leather_68|Leather_70,my_dataset_test_filtered\Leather_67\1750485574828.jpg
Leather_68,both_correct,Leather_68,Leather_68,True,True,0.072125,0.041565,Leather_68|Leather_70|Leather_81,Leather_68|Leather_70|Leather_67,my_dataset_test_filtered\Leather_68\1750485648416.jpg
Leather_69,both_correct,Leather_69,Leather_69,True,True,0.166798,0.086297,Leather_69|Leather_68|Leather_70,Leather_69|Leather_123|Leather_79,my_dataset_test_filtered\Leather_69\1750485718340.jpg
Leather_70,both_correct,Leather_70,Leather_70,True,True,0.109230,0.011249,Leather_70|Leather_68|Leather_58,Leather_70|Leather_68|Leather_69,my_dataset_test_filtered\Leather_70\1750485770008.jpg
Leather_71,both_correct,Leather_71,Leather_71,True,True,0.288130,0.282077,Leather_71|Leather_65|Leather_66,Leather_71|Leather_57|Leather_43,my_dataset_test_filtered\Leather_71\1750485829171.jpg
Leather_72,both_correct,Leather_72,Leather_72,True,True,0.348110,0.190378,Leather_72|Leather_76|Leather_60,Leather_72|Leather_66|Leather_65,my_dataset_test_filtered\Leather_72\1750485875459.jpg
Leather_73,both_correct,Leather_73,Leather_73,True,True,0.127551,0.125794,Leather_73|Leather_04|Leather_184,Leather_73|Leather_70|Leather_79,my_dataset_test_filtered\Leather_73\1750485959010.jpg
Leather_74,both_correct,Leather_74,Leather_74,True,True,0.126652,0.205344,Leather_74|Leather_56|Leather_31,Leather_74|Leather_58|Leather_56,my_dataset_test_filtered\Leather_74\1750486019457.jpg
Leather_75,both_correct,Leather_75,Leather_75,True,True,0.082291,0.067455,Leather_75|Leather_82|Leather_146,Leather_75|Leather_118|Leather_68,my_dataset_test_filtered\Leather_75\1750486112741.jpg
Leather_76,both_correct,Leather_76,Leather_76,True,True,0.160967,0.140108,Leather_76|Leather_123|Leather_60,Leather_76|Leather_58|Leather_145,my_dataset_test_filtered\Leather_76\1750486164800.jpg
Leather_77,both_correct,Leather_77,Leather_77,True,True,0.087080,0.131006,Leather_77|Leather_146|Leather_150,Leather_77|Leather_124|Leather_193,my_dataset_test_filtered\Leather_77\1750486227659.jpg
Leather_78,both_correct,Leather_78,Leather_78,True,True,0.113354,0.070732,Leather_78|Leather_79|Leather_61,Leather_78|Leather_84|Leather_118,my_dataset_test_filtered\Leather_78\1750486282509.jpg
Leather_79,both_correct,Leather_79,Leather_79,True,True,0.116335,0.172261,Leather_79|Leather_78|Leather_144,Leather_79|Leather_69|Leather_70,my_dataset_test_filtered\Leather_79\1750486351295.jpg
Leather_80,both_correct,Leather_80,Leather_80,True,True,0.077757,0.135022,Leather_80|Leather_144|Leather_75,Leather_80|Leather_150|Leather_122,my_dataset_test_filtered\Leather_80\1750486405057.jpg
Leather_81,both_correct,Leather_81,Leather_81,True,True,0.108459,0.031976,Leather_81|Leather_68|Leather_85,Leather_81|Leather_118|Leather_84,my_dataset_test_filtered\Leather_81\1750486453204.jpg
Leather_82,both_correct,Leather_82,Leather_82,True,True,0.058516,0.091024,Leather_82|Leather_146|Leather_75,Leather_82|Leather_146|Leather_150,my_dataset_test_filtered\Leather_82\1750486496818.jpg
Leather_83,both_correct,Leather_83,Leather_83,True,True,0.008619,0.115816,Leather_83|Leather_58|Leather_145,Leather_83|Leather_77|Leather_58,my_dataset_test_filtered\Leather_83\1750486589469.jpg
Leather_84,both_correct,Leather_84,Leather_84,True,True,0.121039,0.099016,Leather_84|Leather_124|Leather_81,Leather_84|Leather_78|Leather_75,my_dataset_test_filtered\Leather_84\1750486652785.jpg
Leather_85,both_correct,Leather_85,Leather_85,True,True,0.080129,0.172493,Leather_85|Leather_81|Leather_68,Leather_85|Leather_37|Leather_20,my_dataset_test_filtered\Leather_85\1750486731620.jpg
Leather_86,both_correct,Leather_86,Leather_86,True,True,0.356994,0.346147,Leather_86|Leather_51|Leather_20,Leather_86|Leather_43|Leather_29,my_dataset_test_filtered\Leather_86\1750486795890.jpg
Leather_87,both_correct,Leather_87,Leather_87,True,True,0.430183,0.256754,Leather_87|Leather_37|Leather_147,Leather_87|Leather_110|Leather_49,my_dataset_test_filtered\Leather_87\1750486854577.jpg
Leather_88,both_correct,Leather_88,Leather_88,True,True,0.169378,0.174942,Leather_88|Leather_151|Leather_169,Leather_88|Leather_70|Leather_148,my_dataset_test_filtered\Leather_88\1750487499305.jpg
Leather_89,both_correct,Leather_89,Leather_89,True,True,0.143625,0.181376,Leather_89|Leather_88|Leather_102,Leather_89|Leather_106|Leather_30,my_dataset_test_filtered\Leather_89\1750487589339.jpg
Leather_90,both_correct,Leather_90,Leather_90,True,True,0.211754,0.089758,Leather_90|Leather_91|Leather_107,Leather_90|Leather_91|Leather_181,my_dataset_test_filtered\Leather_90\1750487645905.jpg
Leather_91,resnet_only_correct,Leather_91,Leather_89,True,False,0.131255,0.005566,Leather_91|Leather_90|Leather_33,Leather_89|Leather_91|Leather_101,my_dataset_test_filtered\Leather_91\1750487700533.jpg
Leather_92,both_correct,Leather_92,Leather_92,True,True,0.392560,0.176925,Leather_92|Leather_59|Leather_93,Leather_92|Leather_94|Leather_93,my_dataset_test_filtered\Leather_92\1750487738299.jpg
Leather_93,both_correct,Leather_93,Leather_93,True,True,0.207448,0.059478,Leather_93|Leather_53|Leather_59,Leather_93|Leather_106|Leather_46,my_dataset_test_filtered\Leather_93\1750487779772.jpg
Leather_94,both_correct,Leather_94,Leather_94,True,True,0.352677,0.189743,Leather_94|Leather_36|Leather_142,Leather_94|Leather_136|Leather_36,my_dataset_test_filtered\Leather_94\1750487866782.jpg
Leather_95,both_correct,Leather_95,Leather_95,True,True,0.082175,0.136718,Leather_95|Leather_118|Leather_68,Leather_95|Leather_97|Leather_109,my_dataset_test_filtered\Leather_95\1750487928213.jpg
Leather_96,both_correct,Leather_96,Leather_96,True,True,0.094813,0.237895,Leather_96|Leather_95|Leather_111,Leather_96|Leather_95|Leather_46,my_dataset_test_filtered\Leather_96\1750487976543.jpg
Leather_97,both_correct,Leather_97,Leather_97,True,True,0.233395,0.113328,Leather_97|Leather_98|Leather_50,Leather_97|Leather_85|Leather_95,my_dataset_test_filtered\Leather_97\1750488050266.jpg
Leather_98,both_correct,Leather_98,Leather_98,True,True,0.239017,0.121274,Leather_98|Leather_100|Leather_97,Leather_98|Leather_97|Leather_95,my_dataset_test_filtered\Leather_98\1750488235001.jpg
Leather_99,both_correct,Leather_99,Leather_99,True,True,0.187358,0.221258,Leather_99|Leather_107|Leather_109,Leather_99|Leather_148|Leather_79,my_dataset_test_filtered\Leather_99\1750488306875.jpg
